company_id,year,computed_roce_pct,sector_median_roce,sector_p25_roce,sector_p75_roce,above_median,note
AXISBANK,2013,2.5251,5.6881,3.2688,22.5971,No,Financials sector-relative benchmark (D/E high-leverage flag suppressed)
BAJAJFINSV,2013,18.915,5.6881,3.2688,22.5971,Yes,Financials sector-relative benchmark (D/E high-leverage flag suppressed)
BAJAJHLDNG,2013,3.1416,5.6881,3.2688,22.5971,No,Financials sector-relative benchmark (D/E high-leverage flag suppressed)
BANKBARODA,2013,2.0191,5.6881,3.2688,22.5971,No,Financials sector-relative benchmark (D/E high-leverage flag suppressed)
CANBK,2013,1.7993,5.6881,3.2688,22.5971,No,Financials sector-relative benchmark (D/E high-leverage flag suppressed)
CHOLAFIN,2013,4.0996,5.6881,3.2688,22.5971,No,Financials sector-relative benchmark (D/E high-leverage flag suppressed)
HDFCBANK,2013,3.396,5.6881,3.2688,22.5971,No,Financials sector-relative benchmark (D/E high-leverage flag suppressed)
HDFCLIFE,2013,1012.6402,5.6881,3.2688,22.5971,Yes,Financials sector-relative benchmark (D/E high-leverage flag suppressed)
ICICIBANK,2013,5.6881,5.6881,3.2688,22.5971,Yes,Financials sector-relative benchmark (D/E high-leverage flag suppressed)
ICICIGI,2013,223.9037,5.6881,3.2688,22.5971,Yes,Financials sector-relative benchmark (D/E high-leverage flag suppressed)
ICICIPRULI,2013,486.8468,5.6881,3.2688,22.5971,Yes,Financials sector-relative benchmark (D/E high-leverage flag suppressed)
INDUSINDBK,2013,2.7399,5.6881,3.2688,22.5971,No,Financials sector-relative benchmark (D/E high-leverage flag suppressed)
IRFC,2013,8.4885,5.6881,3.2688,22.5971,Yes,Financials sector-relative benchmark (D/E high-leverage flag suppressed)
KOTAKBANK,2013,6.5319,5.6881,3.2688,22.5971,Yes,Financials sector-relative benchmark (D/E high-leverage flag suppressed)
PFC,2013,3.6769,5.6881,3.2688,22.5971,No,Financials sector-relative benchmark (D/E high-leverage flag suppressed)
PNB,2013,58.9361,5.6881,3.2688,22.5971,Yes,Financials sector-relative benchmark (D/E high-leverage flag suppressed)
RECLTD,2013,10.5945,5.6881,3.2688,22.5971,Yes,Financials sector-relative benchmark (D/E high-leverage flag suppressed)
SBILIFE,2013,26.2792,5.6881,3.2688,22.5971,Yes,Financials sector-relative benchmark (D/E high-leverage flag suppressed)
SHRIRAMFIN,2013,5.3678,5.6881,3.2688,22.5971,No,Financials sector-relative benchmark (D/E high-leverage flag suppressed)
AXISBANK,2014,2.5969,5.2989,3.2053,20.5353,No,Financials sector-relative benchmark (D/E high-leverage flag suppressed)
BAJAJFINSV,2014,15.5939,5.2989,3.2053,20.5353,Yes,Financials sector-relative benchmark (D/E high-leverage flag suppressed)
BAJAJHLDNG,2014,3.3753,5.2989,3.2053,20.5353,No,Financials sector-relative benchmark (D/E high-leverage flag suppressed)
BANKBARODA,2014,1.8404,5.2989,3.2053,20.5353,No,Financials sector-relative benchmark (D/E high-leverage flag suppressed)
CANBK,2014,2.0151,5.2989,3.2053,20.5353,No,Financials sector-relative benchmark (D/E high-leverage flag suppressed)
CHOLAFIN,2014,4.6656,5.2989,3.2053,20.5353,No,Financials sector-relative benchmark (D/E high-leverage flag suppressed)
HDFCBANK,2014,2.934,5.2989,3.2053,20.5353,No,Financials sector-relative benchmark (D/E high-leverage flag suppressed)
HDFCLIFE,2014,859.1805,5.2989,3.2053,20.5353,Yes,Financials sector-relative benchmark (D/E high-leverage flag suppressed)
ICICIBANK,2014,5.2989,5.2989,3.2053,20.5353,Yes,Financials sector-relative benchmark (D/E high-leverage flag suppressed)
ICICIGI,2014,191.0192,5.2989,3.2053,20.5353,Yes,Financials sector-relative benchmark (D/E high-leverage flag suppressed)
ICICIPRULI,2014,465.2293,5.2989,3.2053,20.5353,Yes,Financials sector-relative benchmark (D/E high-leverage flag suppressed)
INDUSINDBK,2014,3.0353,5.2989,3.2053,20.5353,No,Financials sector-relative benchmark (D/E high-leverage flag suppressed)
IRFC,2014,7.9751,5.2989,3.2053,20.5353,Yes,Financials sector-relative benchmark (D/E high-leverage flag suppressed)
KOTAKBANK,2014,6.7044,5.2989,3.2053,20.5353,Yes,Financials sector-relative benchmark (D/E high-leverage flag suppressed)
PFC,2014,4.086,5.2989,3.2053,20.5353,No,Financials sector-relative benchmark (D/E high-leverage flag suppressed)
PNB,2014,42.6553,5.2989,3.2053,20.5353,Yes,Financials sector-relative benchmark (D/E high-leverage flag suppressed)
RECLTD,2014,11.3325,5.2989,3.2053,20.5353,Yes,Financials sector-relative benchmark (D/E high-leverage flag suppressed)
SBILIFE,2014,25.4768,5.2989,3.2053,20.5353,Yes,Financials sector-relative benchmark (D/E high-leverage flag suppressed)
SHRIRAMFIN,2014,4.249,5.2989,3.2053,20.5353,No,Financials sector-relative benchmark (D/E high-leverage flag suppressed)
AXISBANK,2015,2.466,5.665,3.0129,17.0892,No,Financials sector-relative benchmark (D/E high-leverage flag suppressed)
BAJAJFINSV,2015,14.7563,5.665,3.0129,17.0892,Yes,Financials sector-relative benchmark (D/E high-leverage flag suppressed)
BAJAJHLDNG,2015,3.8752,5.665,3.0129,17.0892,No,Financials sector-relative benchmark (D/E high-leverage flag suppressed)
BAJFINANCE,2015,5.6493,5.665,3.0129,17.0892,No,Financials sector-relative benchmark (D/E high-leverage flag suppressed)
BANKBARODA,2015,1.9036,5.665,3.0129,17.0892,No,Financials sector-relative benchmark (D/E high-leverage flag suppressed)
CANBK,2015,1.9364,5.665,3.0129,17.0892,No,Financials sector-relative benchmark (D/E high-leverage flag suppressed)
CHOLAFIN,2015,4.7735,5.665,3.0129,17.0892,No,Financials sector-relative benchmark (D/E high-leverage flag suppressed)
HDFCBANK,2015,2.8238,5.665,3.0129,17.0892,No,Financials sector-relative benchmark (D/E high-leverage flag suppressed)
HDFCLIFE,2015,1036.7572,5.665,3.0129,17.0892,Yes,Financials sector-relative benchmark (D/E high-leverage flag suppressed)
ICICIBANK,2015,5.6806,5.665,3.0129,17.0892,Yes,Financials sector-relative benchmark (D/E high-leverage flag suppressed)
ICICIGI,2015,154.2273,5.665,3.0129,17.0892,Yes,Financials sector-relative benchmark (D/E high-leverage flag suppressed)
ICICIPRULI,2015,623.0389,5.665,3.0129,17.0892,Yes,Financials sector-relative benchmark (D/E high-leverage flag suppressed)
INDUSINDBK,2015,2.9754,5.665,3.0129,17.0892,No,Financials sector-relative benchmark (D/E high-leverage flag suppressed)
IRFC,2015,8.6377,5.665,3.0129,17.0892,Yes,Financials sector-relative benchmark (D/E high-leverage flag suppressed)
KOTAKBANK,2015,7.6677,5.665,3.0129,17.0892,Yes,Financials sector-relative benchmark (D/E high-leverage flag suppressed)
PFC,2015,3.8391,5.665,3.0129,17.0892,No,Financials sector-relative benchmark (D/E high-leverage flag suppressed)
PNB,2015,34.1916,5.665,3.0129,17.0892,Yes,Financials sector-relative benchmark (D/E high-leverage flag suppressed)
RECLTD,2015,11.0201,5.665,3.0129,17.0892,Yes,Financials sector-relative benchmark (D/E high-leverage flag suppressed)
SBILIFE,2015,24.0878,5.665,3.0129,17.0892,Yes,Financials sector-relative benchmark (D/E high-leverage flag suppressed)
SHRIRAMFIN,2015,3.0253,5.665,3.0129,17.0892,No,Financials sector-relative benchmark (D/E high-leverage flag suppressed)
AXISBANK,2016,2.5442,5.3842,3.2438,15.593,No,Financials sector-relative benchmark (D/E high-leverage flag suppressed)
BAJAJFINSV,2016,13.57,5.3842,3.2438,15.593,Yes,Financials sector-relative benchmark (D/E high-leverage flag suppressed)
BAJAJHLDNG,2016,2.851,5.3842,3.2438,15.593,No,Financials sector-relative benchmark (D/E high-leverage flag suppressed)
BAJFINANCE,2016,5.3563,5.3842,3.2438,15.593,No,Financials sector-relative benchmark (D/E high-leverage flag suppressed)
BANKBARODA,2016,3.8256,5.3842,3.2438,15.593,No,Financials sector-relative benchmark (D/E high-leverage flag suppressed)
CANBK,2016,3.2955,5.3842,3.2438,15.593,No,Financials sector-relative benchmark (D/E high-leverage flag suppressed)
CHOLAFIN,2016,4.9092,5.3842,3.2438,15.593,No,Financials sector-relative benchmark (D/E high-leverage flag suppressed)
HDFCBANK,2016,2.7724,5.3842,3.2438,15.593,No,Financials sector-relative benchmark (D/E high-leverage flag suppressed)
HDFCLIFE,2016,554.0445,5.3842,3.2438,15.593,Yes,Financials sector-relative benchmark (D/E high-leverage flag suppressed)
ICICIBANK,2016,6.8194,5.3842,3.2438,15.593,Yes,Financials sector-relative benchmark (D/E high-leverage flag suppressed)
ICICIGI,2016,163.1758,5.3842,3.2438,15.593,Yes,Financials sector-relative benchmark (D/E high-leverage flag suppressed)
ICICIPRULI,2016,299.386,5.3842,3.2438,15.593,Yes,Financials sector-relative benchmark (D/E high-leverage flag suppressed)
INDUSINDBK,2016,3.0886,5.3842,3.2438,15.593,No,Financials sector-relative benchmark (D/E high-leverage flag suppressed)
IRFC,2016,7.5423,5.3842,3.2438,15.593,Yes,Financials sector-relative benchmark (D/E high-leverage flag suppressed)
KOTAKBANK,2016,5.4121,5.3842,3.2438,15.593,Yes,Financials sector-relative benchmark (D/E high-leverage flag suppressed)
PFC,2016,3.8815,5.3842,3.2438,15.593,No,Financials sector-relative benchmark (D/E high-leverage flag suppressed)
PNB,2016,21.6619,5.3842,3.2438,15.593,Yes,Financials sector-relative benchmark (D/E high-leverage flag suppressed)
RECLTD,2016,11.3319,5.3842,3.2438,15.593,Yes,Financials sector-relative benchmark (D/E high-leverage flag suppressed)
SBILIFE,2016,22.1635,5.3842,3.2438,15.593,Yes,Financials sector-relative benchmark (D/E high-leverage flag suppressed)
SHRIRAMFIN,2016,3.0467,5.3842,3.2438,15.593,No,Financials sector-relative benchmark (D/E high-leverage flag suppressed)
AXISBANK,2017,4.0758,5.825,3.2796,15.5769,No,Financials sector-relative benchmark (D/E high-leverage flag suppressed)
BAJAJFINSV,2017,13.5226,5.825,3.2796,15.5769,Yes,Financials sector-relative benchmark (D/E high-leverage flag suppressed)
BAJAJHLDNG,2017,3.5694,5.825,3.2796,15.5769,No,Financials sector-relative benchmark (D/E high-leverage flag suppressed)
BAJFINANCE,2017,5.5718,5.825,3.2796,15.5769,No,Financials sector-relative benchmark (D/E high-leverage flag suppressed)
BANKBARODA,2017,2.7821,5.825,3.2796,15.5769,No,Financials sector-relative benchmark (D/E high-leverage flag suppressed)
CANBK,2017,2.7526,5.825,3.2796,15.5769,No,Financials sector-relative benchmark (D/E high-leverage flag suppressed)
CHOLAFIN,2017,4.7446,5.825,3.2796,15.5769,No,Financials sector-relative benchmark (D/E high-leverage flag suppressed)
HDFCBANK,2017,2.8646,5.825,3.2796,15.5769,No,Financials sector-relative benchmark (D/E high-leverage flag suppressed)
HDFCLIFE,2017,775.6665,5.825,3.2796,15.5769,Yes,Financials sector-relative benchmark (D/E high-leverage flag suppressed)
ICICIBANK,2017,7.9179,5.825,3.2796,15.5769,Yes,Financials sector-relative benchmark (D/E high-leverage flag suppressed)
ICICIGI,2017,150.7752,5.825,3.2796,15.5769,Yes,Financials sector-relative benchmark (D/E high-leverage flag suppressed)
ICICIPRULI,2017,562.2073,5.825,3.2796,15.5769,Yes,Financials sector-relative benchmark (D/E high-leverage flag suppressed)
INDUSINDBK,2017,3.3518,5.825,3.2796,15.5769,No,Financials sector-relative benchmark (D/E high-leverage flag suppressed)
IRFC,2017,7.6188,5.825,3.2796,15.5769,Yes,Financials sector-relative benchmark (D/E high-leverage flag suppressed)
KOTAKBANK,2017,6.0782,5.825,3.2796,15.5769,Yes,Financials sector-relative benchmark (D/E high-leverage flag suppressed)
PFC,2017,2.2119,5.825,3.2796,15.5769,No,Financials sector-relative benchmark (D/E high-leverage flag suppressed)
PNB,2017,22.3201,5.825,3.2796,15.5769,Yes,Financials sector-relative benchmark (D/E high-leverage flag suppressed)
RECLTD,2017,11.1521,5.825,3.2796,15.5769,Yes,Financials sector-relative benchmark (D/E high-leverage flag suppressed)
SBILIFE,2017,21.7399,5.825,3.2796,15.5769,Yes,Financials sector-relative benchmark (D/E high-leverage flag suppressed)
SHRIRAMFIN,2017,3.0631,5.825,3.2796,15.5769,No,Financials sector-relative benchmark (D/E high-leverage flag suppressed)
AXISBANK,2018,4.2735,5.9147,3.9843,13.0696,No,Financials sector-relative benchmark (D/E high-leverage flag suppressed)
BAJAJFINSV,2018,12.5194,5.9147,3.9843,13.0696,Yes,Financials sector-relative benchmark (D/E high-leverage flag suppressed)
BAJAJHLDNG,2018,10.8924,5.9147,3.9843,13.0696,Yes,Financials sector-relative benchmark (D/E high-leverage flag suppressed)
BAJFINANCE,2018,5.0312,5.9147,3.9843,13.0696,No,Financials sector-relative benchmark (D/E high-leverage flag suppressed)
BANKBARODA,2018,3.6269,5.9147,3.9843,13.0696,No,Financials sector-relative benchmark (D/E high-leverage flag suppressed)
CANBK,2018,4.2537,5.9147,3.9843,13.0696,No,Financials sector-relative benchmark (D/E high-leverage flag suppressed)
CHOLAFIN,2018,3.3989,5.9147,3.9843,13.0696,No,Financials sector-relative benchmark (D/E high-leverage flag suppressed)
HDFCBANK,2018,2.8023,5.9147,3.9843,13.0696,No,Financials sector-relative benchmark (D/E high-leverage flag suppressed)
HDFCLIFE,2018,662.8905,5.9147,3.9843,13.0696,Yes,Financials sector-relative benchmark (D/E high-leverage flag suppressed)
ICICIBANK,2018,7.8561,5.9147,3.9843,13.0696,Yes,Financials sector-relative benchmark (D/E high-leverage flag suppressed)
ICICIGI,2018,142.6582,5.9147,3.9843,13.0696,Yes,Financials sector-relative benchmark (D/E high-leverage flag suppressed)
ICICIPRULI,2018,563.8424,5.9147,3.9843,13.0696,Yes,Financials sector-relative benchmark (D/E high-leverage flag suppressed)
INDUSINDBK,2018,3.0687,5.9147,3.9843,13.0696,No,Financials sector-relative benchmark (D/E high-leverage flag suppressed)
IRFC,2018,6.2393,5.9147,3.9843,13.0696,Yes,Financials sector-relative benchmark (D/E high-leverage flag suppressed)
KOTAKBANK,2018,5.5902,5.9147,3.9843,13.0696,No,Financials sector-relative benchmark (D/E high-leverage flag suppressed)
PFC,2018,2.4521,5.9147,3.9843,13.0696,No,Financials sector-relative benchmark (D/E high-leverage flag suppressed)
PNB,2018,14.7201,5.9147,3.9843,13.0696,Yes,Financials sector-relative benchmark (D/E high-leverage flag suppressed)
RECLTD,2018,8.1437,5.9147,3.9843,13.0696,Yes,Financials sector-relative benchmark (D/E high-leverage flag suppressed)
SBILIFE,2018,22.7941,5.9147,3.9843,13.0696,Yes,Financials sector-relative benchmark (D/E high-leverage flag suppressed)
SHRIRAMFIN,2018,4.1035,5.9147,3.9843,13.0696,No,Financials sector-relative benchmark (D/E high-leverage flag suppressed)
AXISBANK,2019,3.481,5.5714,3.4518,11.7765,No,Financials sector-relative benchmark (D/E high-leverage flag suppressed)
BAJAJFINSV,2019,12.1779,5.5714,3.4518,11.7765,Yes,Financials sector-relative benchmark (D/E high-leverage flag suppressed)
BAJAJHLDNG,2019,11.7765,5.5714,3.4518,11.7765,Yes,Financials sector-relative benchmark (D/E high-leverage flag suppressed)
BAJFINANCE,2019,4.5249,5.5714,3.4518,11.7765,No,Financials sector-relative benchmark (D/E high-leverage flag suppressed)
BANKBARODA,2019,3.2687,5.5714,3.4518,11.7765,No,Financials sector-relative benchmark (D/E high-leverage flag suppressed)
CANBK,2019,4.0094,5.5714,3.4518,11.7765,No,Financials sector-relative benchmark (D/E high-leverage flag suppressed)
CHOLAFIN,2019,2.9221,5.5714,3.4518,11.7765,No,Financials sector-relative benchmark (D/E high-leverage flag suppressed)
HDFCBANK,2019,2.8261,5.5714,3.4518,11.7765,No,Financials sector-relative benchmark (D/E high-leverage flag suppressed)
HDFCLIFE,2019,667.1925,5.5714,3.4518,11.7765,Yes,Financials sector-relative benchmark (D/E high-leverage flag suppressed)
ICICIBANK,2019,8.3214,5.5714,3.4518,11.7765,Yes,Financials sector-relative benchmark (D/E high-leverage flag suppressed)
ICICIGI,2019,161.5803,5.5714,3.4518,11.7765,Yes,Financials sector-relative benchmark (D/E high-leverage flag suppressed)
ICICIPRULI,2019,595.5902,5.5714,3.4518,11.7765,Yes,Financials sector-relative benchmark (D/E high-leverage flag suppressed)
INDUSINDBK,2019,3.4518,5.5714,3.4518,11.7765,No,Financials sector-relative benchmark (D/E high-leverage flag suppressed)
IRFC,2019,5.5714,5.5714,3.4518,11.7765,Yes,Financials sector-relative benchmark (D/E high-leverage flag suppressed)
KOTAKBANK,2019,5.6476,5.5714,3.4518,11.7765,Yes,Financials sector-relative benchmark (D/E high-leverage flag suppressed)
LICI,2019,3.1586,5.5714,3.4518,11.7765,No,Financials sector-relative benchmark (D/E high-leverage flag suppressed)
PFC,2019,3.0475,5.5714,3.4518,11.7765,No,Financials sector-relative benchmark (D/E high-leverage flag suppressed)
PNB,2019,9.2907,5.5714,3.4518,11.7765,Yes,Financials sector-relative benchmark (D/E high-leverage flag suppressed)
RECLTD,2019,8.5145,5.5714,3.4518,11.7765,Yes,Financials sector-relative benchmark (D/E high-leverage flag suppressed)
SBILIFE,2019,22.9673,5.5714,3.4518,11.7765,Yes,Financials sector-relative benchmark (D/E high-leverage flag suppressed)
SHRIRAMFIN,2019,3.6784,5.5714,3.4518,11.7765,No,Financials sector-relative benchmark (D/E high-leverage flag suppressed)
AXISBANK,2020,3.9664,5.6669,3.862,12.0261,No,Financials sector-relative benchmark (D/E high-leverage flag suppressed)
BAJAJFINSV,2020,11.5182,5.6669,3.862,12.0261,Yes,Financials sector-relative benchmark (D/E high-leverage flag suppressed)
BAJAJHLDNG,2020,12.0261,5.6669,3.862,12.0261,Yes,Financials sector-relative benchmark (D/E high-leverage flag suppressed)
BAJFINANCE,2020,5.6669,5.6669,3.862,12.0261,Yes,Financials sector-relative benchmark (D/E high-leverage flag suppressed)
BANKBARODA,2020,3.5428,5.6669,3.862,12.0261,No,Financials sector-relative benchmark (D/E high-leverage flag suppressed)
CANBK,2020,3.7756,5.6669,3.862,12.0261,No,Financials sector-relative benchmark (D/E high-leverage flag suppressed)
CHOLAFIN,2020,3.862,5.6669,3.862,12.0261,No,Financials sector-relative benchmark (D/E high-leverage flag suppressed)
HDFCBANK,2020,3.0125,5.6669,3.862,12.0261,No,Financials sector-relative benchmark (D/E high-leverage flag suppressed)
HDFCLIFE,2020,414.9111,5.6669,3.862,12.0261,Yes,Financials sector-relative benchmark (D/E high-leverage flag suppressed)
ICICIBANK,2020,7.499,5.6669,3.862,12.0261,Yes,Financials sector-relative benchmark (D/E high-leverage flag suppressed)
ICICIGI,2020,147.4543,5.6669,3.862,12.0261,Yes,Financials sector-relative benchmark (D/E high-leverage flag suppressed)
ICICIPRULI,2020,295.8824,5.6669,3.862,12.0261,Yes,Financials sector-relative benchmark (D/E high-leverage flag suppressed)
INDUSINDBK,2020,4.2383,5.6669,3.862,12.0261,No,Financials sector-relative benchmark (D/E high-leverage flag suppressed)
IRFC,2020,5.0458,5.6669,3.862,12.0261,No,Financials sector-relative benchmark (D/E high-leverage flag suppressed)
KOTAKBANK,2020,5.7396,5.6669,3.862,12.0261,Yes,Financials sector-relative benchmark (D/E high-leverage flag suppressed)
LICI,2020,5.4725,5.6669,3.862,12.0261,No,Financials sector-relative benchmark (D/E high-leverage flag suppressed)
PFC,2020,2.1854,5.6669,3.862,12.0261,No,Financials sector-relative benchmark (D/E high-leverage flag suppressed)
PNB,2020,12.4044,5.6669,3.862,12.0261,Yes,Financials sector-relative benchmark (D/E high-leverage flag suppressed)
RECLTD,2020,8.0927,5.6669,3.862,12.0261,Yes,Financials sector-relative benchmark (D/E high-leverage flag suppressed)
SBILIFE,2020,21.5029,5.6669,3.862,12.0261,Yes,Financials sector-relative benchmark (D/E high-leverage flag suppressed)
SHRIRAMFIN,2020,3.1707,5.6669,3.862,12.0261,No,Financials sector-relative benchmark (D/E high-leverage flag suppressed)
AXISBANK,2021,3.3271,7.2346,3.8642,16.7212,No,Financials sector-relative benchmark (D/E high-leverage flag suppressed)
BAJAJFINSV,2021,11.9507,7.2346,3.8642,16.7212,Yes,Financials sector-relative benchmark (D/E high-leverage flag suppressed)
BAJAJHLDNG,2021,10.1949,7.2346,3.8642,16.7212,Yes,Financials sector-relative benchmark (D/E high-leverage flag suppressed)
BAJFINANCE,2021,6.4449,7.2346,3.8642,16.7212,No,Financials sector-relative benchmark (D/E high-leverage flag suppressed)
BANKBARODA,2021,3.3109,7.2346,3.8642,16.7212,No,Financials sector-relative benchmark (D/E high-leverage flag suppressed)
CANBK,2021,3.8642,7.2346,3.8642,16.7212,No,Financials sector-relative benchmark (D/E high-leverage flag suppressed)
CHOLAFIN,2021,4.0025,7.2346,3.8642,16.7212,No,Financials sector-relative benchmark (D/E high-leverage flag suppressed)
HDFCBANK,2021,3.0484,7.2346,3.8642,16.7212,No,Financials sector-relative benchmark (D/E high-leverage flag suppressed)
HDFCLIFE,2021,760.7792,7.2346,3.8642,16.7212,Yes,Financials sector-relative benchmark (D/E high-leverage flag suppressed)
ICICIBANK,2021,7.2346,7.2346,3.8642,16.7212,Yes,Financials sector-relative benchmark (D/E high-leverage flag suppressed)
ICICIGI,2021,125.0247,7.2346,3.8642,16.7212,Yes,Financials sector-relative benchmark (D/E high-leverage flag suppressed)
ICICIPRULI,2021,810.6703,7.2346,3.8642,16.7212,Yes,Financials sector-relative benchmark (D/E high-leverage flag suppressed)
INDUSINDBK,2021,4.5564,7.2346,3.8642,16.7212,No,Financials sector-relative benchmark (D/E high-leverage flag suppressed)
IRFC,2021,4.3606,7.2346,3.8642,16.7212,No,Financials sector-relative benchmark (D/E high-leverage flag suppressed)
KOTAKBANK,2021,7.2383,7.2346,3.8642,16.7212,Yes,Financials sector-relative benchmark (D/E high-leverage flag suppressed)
LICI,2021,182.4623,7.2346,3.8642,16.7212,Yes,Financials sector-relative benchmark (D/E high-leverage flag suppressed)
PFC,2021,2.7645,7.2346,3.8642,16.7212,No,Financials sector-relative benchmark (D/E high-leverage flag suppressed)
PNB,2021,18.7179,7.2346,3.8642,16.7212,Yes,Financials sector-relative benchmark (D/E high-leverage flag suppressed)
RECLTD,2021,8.6429,7.2346,3.8642,16.7212,Yes,Financials sector-relative benchmark (D/E high-leverage flag suppressed)
SBILIFE,2021,16.7212,7.2346,3.8642,16.7212,Yes,Financials sector-relative benchmark (D/E high-leverage flag suppressed)
SHRIRAMFIN,2021,2.6633,7.2346,3.8642,16.7212,No,Financials sector-relative benchmark (D/E high-leverage flag suppressed)
AXISBANK,2022,2.6305,5.7005,3.4273,15.1609,No,Financials sector-relative benchmark (D/E high-leverage flag suppressed)
BAJAJFINSV,2022,10.6555,5.7005,3.4273,15.1609,Yes,Financials sector-relative benchmark (D/E high-leverage flag suppressed)
BAJAJHLDNG,2022,9.9241,5.7005,3.4273,15.1609,Yes,Financials sector-relative benchmark (D/E high-leverage flag suppressed)
BAJFINANCE,2022,5.7005,5.7005,3.4273,15.1609,Yes,Financials sector-relative benchmark (D/E high-leverage flag suppressed)
BANKBARODA,2022,2.9372,5.7005,3.4273,15.1609,No,Financials sector-relative benchmark (D/E high-leverage flag suppressed)
CANBK,2022,3.4273,5.7005,3.4273,15.1609,No,Financials sector-relative benchmark (D/E high-leverage flag suppressed)
CHOLAFIN,2022,3.6507,5.7005,3.4273,15.1609,No,Financials sector-relative benchmark (D/E high-leverage flag suppressed)
HDFCBANK,2022,2.7836,5.7005,3.4273,15.1609,No,Financials sector-relative benchmark (D/E high-leverage flag suppressed)
HDFCLIFE,2022,409.2081,5.7005,3.4273,15.1609,Yes,Financials sector-relative benchmark (D/E high-leverage flag suppressed)
ICICIBANK,2022,5.6285,5.7005,3.4273,15.1609,No,Financials sector-relative benchmark (D/E high-leverage flag suppressed)
ICICIGI,2022,158.9331,5.7005,3.4273,15.1609,Yes,Financials sector-relative benchmark (D/E high-leverage flag suppressed)
ICICIPRULI,2022,634.5337,5.7005,3.4273,15.1609,Yes,Financials sector-relative benchmark (D/E high-leverage flag suppressed)
INDUSINDBK,2022,4.0743,5.7005,3.4273,15.1609,No,Financials sector-relative benchmark (D/E high-leverage flag suppressed)
IRFC,2022,4.6989,5.7005,3.4273,15.1609,No,Financials sector-relative benchmark (D/E high-leverage flag suppressed)
KOTAKBANK,2022,6.6335,5.7005,3.4273,15.1609,Yes,Financials sector-relative benchmark (D/E high-leverage flag suppressed)
LICI,2022,110.8916,5.7005,3.4273,15.1609,Yes,Financials sector-relative benchmark (D/E high-leverage flag suppressed)
PFC,2022,3.1984,5.7005,3.4273,15.1609,No,Financials sector-relative benchmark (D/E high-leverage flag suppressed)
PNB,2022,19.6441,5.7005,3.4273,15.1609,Yes,Financials sector-relative benchmark (D/E high-leverage flag suppressed)
RECLTD,2022,8.976,5.7005,3.4273,15.1609,Yes,Financials sector-relative benchmark (D/E high-leverage flag suppressed)
SBILIFE,2022,15.1609,5.7005,3.4273,15.1609,Yes,Financials sector-relative benchmark (D/E high-leverage flag suppressed)
SHRIRAMFIN,2022,2.6139,5.7005,3.4273,15.1609,No,Financials sector-relative benchmark (D/E high-leverage flag suppressed)
AXISBANK,2023,2.2706,5.2692,3.2548,14.3171,No,Financials sector-relative benchmark (D/E high-leverage flag suppressed)
BAJAJFINSV,2023,11.5471,5.2692,3.2548,14.3171,Yes,Financials sector-relative benchmark (D/E high-leverage flag suppressed)
BAJAJHLDNG,2023,11.4128,5.2692,3.2548,14.3171,Yes,Financials sector-relative benchmark (D/E high-leverage flag suppressed)
BAJFINANCE,2023,4.6971,5.2692,3.2548,14.3171,No,Financials sector-relative benchmark (D/E high-leverage flag suppressed)
BANKBARODA,2023,2.6414,5.2692,3.2548,14.3171,No,Financials sector-relative benchmark (D/E high-leverage flag suppressed)
CANBK,2023,3.2512,5.2692,3.2548,14.3171,No,Financials sector-relative benchmark (D/E high-leverage flag suppressed)
CHOLAFIN,2023,3.2658,5.2692,3.2548,14.3171,No,Financials sector-relative benchmark (D/E high-leverage flag suppressed)
HDFCBANK,2023,2.5965,5.2692,3.2548,14.3171,No,Financials sector-relative benchmark (D/E high-leverage flag suppressed)
HDFCLIFE,2023,502.9549,5.2692,3.2548,14.3171,Yes,Financials sector-relative benchmark (D/E high-leverage flag suppressed)
ICICIBANK,2023,5.4417,5.2692,3.2548,14.3171,Yes,Financials sector-relative benchmark (D/E high-leverage flag suppressed)
ICICIGI,2023,158.5934,5.2692,3.2548,14.3171,Yes,Financials sector-relative benchmark (D/E high-leverage flag suppressed)
ICICIPRULI,2023,462.6395,5.2692,3.2548,14.3171,Yes,Financials sector-relative benchmark (D/E high-leverage flag suppressed)
INDUSINDBK,2023,3.5292,5.2692,3.2548,14.3171,No,Financials sector-relative benchmark (D/E high-leverage flag suppressed)
IRFC,2023,5.0967,5.2692,3.2548,14.3171,No,Financials sector-relative benchmark (D/E high-leverage flag suppressed)
JIOFIN,2023,0.0427,5.2692,3.2548,14.3171,No,Financials sector-relative benchmark (D/E high-leverage flag suppressed)
KOTAKBANK,2023,6.3079,5.2692,3.2548,14.3171,Yes,Financials sector-relative benchmark (D/E high-leverage flag suppressed)
LICI,2023,90.8593,5.2692,3.2548,14.3171,Yes,Financials sector-relative benchmark (D/E high-leverage flag suppressed)
PFC,2023,3.1782,5.2692,3.2548,14.3171,No,Financials sector-relative benchmark (D/E high-leverage flag suppressed)
PNB,2023,19.4025,5.2692,3.2548,14.3171,Yes,Financials sector-relative benchmark (D/E high-leverage flag suppressed)
RECLTD,2023,8.5794,5.2692,3.2548,14.3171,Yes,Financials sector-relative benchmark (D/E high-leverage flag suppressed)
SBILIFE,2023,15.2404,5.2692,3.2548,14.3171,Yes,Financials sector-relative benchmark (D/E high-leverage flag suppressed)
SHRIRAMFIN,2023,4.2438,5.2692,3.2548,14.3171,No,Financials sector-relative benchmark (D/E high-leverage flag suppressed)
AXISBANK,2024,2.6133,5.4853,3.5239,14.3475,No,Financials sector-relative benchmark (D/E high-leverage flag suppressed)
BAJAJFINSV,2024,11.7053,5.4853,3.5239,14.3475,Yes,Financials sector-relative benchmark (D/E high-leverage flag suppressed)
BAJAJHLDNG,2024,13.863,5.4853,3.5239,14.3475,Yes,Financials sector-relative benchmark (D/E high-leverage flag suppressed)
BAJFINANCE,2024,4.3603,5.4853,3.5239,14.3475,No,Financials sector-relative benchmark (D/E high-leverage flag suppressed)
BANKBARODA,2024,2.8206,5.4853,3.5239,14.3475,No,Financials sector-relative benchmark (D/E high-leverage flag suppressed)
CANBK,2024,3.1561,5.4853,3.5239,14.3475,No,Financials sector-relative benchmark (D/E high-leverage flag suppressed)
CHOLAFIN,2024,3.5108,5.4853,3.5239,14.3475,No,Financials sector-relative benchmark (D/E high-leverage flag suppressed)
HDFCBANK,2024,4.8873,5.4853,3.5239,14.3475,No,Financials sector-relative benchmark (D/E high-leverage flag suppressed)
HDFCLIFE,2024,646.4652,5.4853,3.5239,14.3475,Yes,Financials sector-relative benchmark (D/E high-leverage flag suppressed)
ICICIBANK,2024,5.2199,5.4853,3.5239,14.3475,No,Financials sector-relative benchmark (D/E high-leverage flag suppressed)
ICICIGI,2024,146.4297,5.4853,3.5239,14.3475,Yes,Financials sector-relative benchmark (D/E high-leverage flag suppressed)
ICICIPRULI,2024,754.8873,5.4853,3.5239,14.3475,Yes,Financials sector-relative benchmark (D/E high-leverage flag suppressed)
INDUSINDBK,2024,3.5632,5.4853,3.5239,14.3475,No,Financials sector-relative benchmark (D/E high-leverage flag suppressed)
IRFC,2024,5.7506,5.4853,3.5239,14.3475,Yes,Financials sector-relative benchmark (D/E high-leverage flag suppressed)
JIOFIN,2024,1.4287,5.4853,3.5239,14.3475,No,Financials sector-relative benchmark (D/E high-leverage flag suppressed)
KOTAKBANK,2024,7.2312,5.4853,3.5239,14.3475,Yes,Financials sector-relative benchmark (D/E high-leverage flag suppressed)
LICI,2024,57.5344,5.4853,3.5239,14.3475,Yes,Financials sector-relative benchmark (D/E high-leverage flag suppressed)
PFC,2024,3.4931,5.4853,3.5239,14.3475,No,Financials sector-relative benchmark (D/E high-leverage flag suppressed)
PNB,2024,20.2402,5.4853,3.5239,14.3475,Yes,Financials sector-relative benchmark (D/E high-leverage flag suppressed)
RECLTD,2024,9.3085,5.4853,3.5239,14.3475,Yes,Financials sector-relative benchmark (D/E high-leverage flag suppressed)
SBILIFE,2024,14.509,5.4853,3.5239,14.3475,Yes,Financials sector-relative benchmark (D/E high-leverage flag suppressed)
SHRIRAMFIN,2024,4.3151,5.4853,3.5239,14.3475,No,Financials sector-relative benchmark (D/E high-leverage flag suppressed)
